record_id,comparison_set_id,checked_at_hkt,source_name,source_type,source_url,observation_role,query_mode,search_filters,passenger_count,outbound_date,return_departure_date,origin_code,route_summary,cabin,displayed_amount_as_shown,amount_basis,displayed_amount_per_person,displayed_total_amount,currency,amount_is_approximate,baggage_outbound_kg_per_person,baggage_return_kg_per_person,baggage_filter_scope,taxes_included_status,beijing_baggage_release_status,evidence_status,decision_status,notes
AFS-20260925-001,SPAIN-JAN-2027,2026-09-25,Trip.com 香港版,ota,https://hk.trip.com/flights/showfarefirst?dcity=hkg&acity=mad&ddate=2027-01-25&rdate=2027-02-03&triptype=rt&class=y&quantity=1&locale=zh-HK&curr=HKD,trip_option,round_trip,,1,2027-01-25,2027-02-03,HKG,HKG–AUH–MAD / MAD–PEK–HKG,economy,7471,per_person,7471,7471,HKD,false,25,23,displayed_both_legs,unknown,carrier_consent_unverified,source_checked,rejected,超出每人HKD5000上限；PEK提前提取托运行李须承运人同意且尚未核实。
AFS-20260925-002,SPAIN-JAN-2027,2026-09-25,Trip.com 香港版,ota,https://hk.trip.com/flights/showfarefirst?dcity=bjs&acity=mad&ddate=2027-01-27&rdate=2027-02-03&triptype=rt&class=y&quantity=2&locale=zh-HK&curr=HKD,trip_option,round_trip,,2,2027-01-27,2027-02-03,BJS,PEK–BRU–MAD / MAD–BRU–PEK,economy,11028,group_total,5514,11028,HKD,false,23,23,displayed_both_legs,unknown,not_applicable,source_checked,rejected,每人价格超出HKD5000上限；原整理记录的银行汇率约0.858 CNY/HKD折算约RMB4731仅供参考。
AFS-20260925-003,DECEMBER-2026-REFERENCE,2026-09-25,Trip.com 香港版（复核）,ota,https://hk.trip.com/flights/showfarefirst?dcity=hkg&acity=mad&ddate=2026-12-13&rdate=2026-12-21&triptype=rt&class=y&quantity=1&locale=zh-HK&curr=HKD,adjacent_month_reference,round_trip,包括托运行李；学生票未筛选,1,2026-12-13,2026-12-21,HKG,HKG–PEK–MAD / MAD–PEK–HKG,economy,4606,group_total,4606,4606,HKD,false,23,23,displayed_both_legs,unknown,not_applicable,source_checked,idea,2026-09-25重新打开结果页并核对：往返模式1位成人；两程中国国航均经PEK、各23kg；去程停留3小时10分、回程3小时5分。邻月参照，不可推定2027年1月价格。
AFS-20260925-004,DECEMBER-2026-REFERENCE,2026-09-25,Trip.com 香港版（原整理记录）,ota,,adjacent_month_reference,round_trip,,,2026-12-15,2026-12-23,HKG,最低价路线未记录,,5860,unknown,,,HKD,false,,,outbound_only,unknown,unknown,unverified,idea,只记录页面最低显示价；原始链接和完整路线未保留；托运行李筛选只针对去程。
AFS-20260925-005,DECEMBER-2026-REFERENCE,2026-09-25,Trip.com 香港版（原整理记录）,ota,,adjacent_month_reference,round_trip,,,2026-12-16,2026-12-24,HKG,最低价路线未记录,,5393,unknown,,,HKD,false,,,outbound_only,unknown,unknown,unverified,idea,只记录页面最低显示价；原始链接和完整路线未保留；托运行李筛选只针对去程。
AFS-20260925-006,JANUARY-2027-CROSSCHECK,2026-09-25,Trip.com 香港版（原整理记录）,ota,,market_reference,round_trip,,,2027-01-25,,BJS,北京出发往返Madrid的最低显示价；完整路线未记录,,5514,per_person,5514,,HKD,true,,,not_recorded,unknown,unknown,unverified,idea,交叉核对的约数；返程日期和原始链接未保留；不可与条件完整的搜索记录直接比较。
AFS-20260925-007,JANUARY-2027-CROSSCHECK,2026-09-25,Trip.com 香港版（原整理记录）,ota,,market_reference,round_trip,,,2027-01-26,,BJS,北京出发往返Madrid的最低显示价；完整路线未记录,,5514,per_person,5514,,HKD,true,,,not_recorded,unknown,unknown,unverified,idea,交叉核对的约数；返程日期和原始链接未保留；不可与条件完整的搜索记录直接比较。
AFS-20260925-008,JANUARY-2027-CROSSCHECK,2026-09-25,Trip.com 香港版（原整理记录）,ota,,market_reference,round_trip,,,2027-01-25,,HKG,HKG–MAD–HKG普通往返；具体转机点未记录,,5351,per_person,5351,,HKD,true,,,outbound_only,unknown,unknown,unverified,idea,约数；返程条件和原始链接未保留；去程含托运行李筛选不代表回程有托运行李。
AFS-20260925-009,JANUARY-2027-CROSSCHECK,2026-09-25,Trip.com 香港版（原整理记录）,ota,,market_reference,round_trip,,,2027-01-26,,HKG,HKG–MAD–HKG普通往返；具体转机点未记录,,5351,per_person,5351,,HKD,true,,,outbound_only,unknown,unknown,unverified,idea,约数；返程条件和原始链接未保留；去程含托运行李筛选不代表回程有托运行李。
AFS-20260925-010,SPAIN-JAN-2027-STUDENT-REFERENCE,2026-09-25,Trip.com 香港版（学生筛选）,ota,https://hk.trip.com/flights/showfarefirst?dcity=hkg&acity=mad&ddate=2027-01-25&rdate=2027-02-03&triptype=rt&class=y&quantity=1&locale=zh-HK&curr=HKD,market_reference,round_trip,学生机票筛选；包括托运行李,1,2027-01-25,2027-02-03,HKG,HKG–MAD–HKG；最低价方案为芬兰航空经赫尔辛基,economy,5603,per_person,5603,5603,HKD,false,23,,outbound_only,unknown,not_applicable,source_checked,idea,超过每人HKD5000预算；查询页只显示出程23kg；链接保留路线和日期但未保留学生及行李筛选。
AFS-20260925-011,SPAIN-JAN-2027-STUDENT-REFERENCE,2026-09-25,Trip.com 香港版（学生筛选）,ota,https://hk.trip.com/flights/showfarefirst?dcity=hkg&acity=mad&ddate=2027-01-26&rdate=2027-02-03&triptype=rt&class=y&quantity=1&locale=zh-HK&curr=HKD,market_reference,round_trip,学生机票筛选；包括托运行李,1,2027-01-26,2027-02-03,HKG,HKG–MAD–HKG；最低价方案为芬兰航空经赫尔辛基,economy,5603,per_person,5603,5603,HKD,false,23,,outbound_only,unknown,not_applicable,source_checked,idea,超过每人HKD5000预算；查询页只显示出程23kg；链接保留路线和日期但未保留学生及行李筛选。
AFS-20260925-012,SPAIN-JAN-2027-STUDENT-REFERENCE,2026-09-25,Trip.com 香港版（学生筛选）,ota,https://hk.trip.com/flights/showfarefirst?dcity=hkg&acity=mad&ddate=2027-01-27&rdate=2027-02-03&triptype=rt&class=y&quantity=1&locale=zh-HK&curr=HKD,market_reference,round_trip,学生机票筛选；包括托运行李,1,2027-01-27,2027-02-03,HKG,HKG–MAD–HKG；最低价方案为芬兰航空经赫尔辛基,economy,5603,per_person,5603,5603,HKD,false,23,,outbound_only,unknown,not_applicable,source_checked,idea,超过每人HKD5000预算；查询页只显示出程23kg；链接保留路线和日期但未保留学生及行李筛选。
AFS-20260925-013,SPAIN-JAN-2027,2026-09-25T23:00:29+08:00,Trip.com 香港版（全面复核）,ota,https://hk.trip.com/flights/showfarefirst?dcity=hkg&acity=mad&ddate=2027-01-25&rdate=2027-02-03&triptype=rt&class=y&quantity=1&locale=zh-HK&curr=HKD,trip_option,round_trip,包括托运行李（出程结果页）,1,2027-01-25,2027-02-03,HKG,HKG–MAD往返；页面最低组合为阿提哈德经AUH,economy,5552,per_person,5552,5552,HKD,false,25,,outbound_only,unknown,not_applicable,source_checked,rejected,本轮公开Trip.com往返页最低显示HKD5552；打开具体往返详情时可见回程最低组合约HKD5014，但该最低项未显示23kg行李，故没有满足两程至少20kg的合格候选。价格和库存动态。
AFS-20260925-014,SPAIN-JAN-2027,2026-09-25T23:00:29+08:00,Trip.com 香港版（全面复核）,ota,https://hk.trip.com/flights/showfarefirst?dcity=bjs&acity=mad&ddate=2027-01-27&rdate=2027-02-03&triptype=rt&class=y&quantity=2&locale=zh-HK&curr=HKD,trip_option,round_trip,未额外开启行李筛选；具体往返详情逐程显示行李,2,2027-01-27,2027-02-03,BJS,PEK–BRU–MAD / MAD–BRU–PEK,economy,11032,group_total,5516,11032,HKD,false,23,23,displayed_both_legs,unknown,not_applicable,source_checked,rejected,本轮复核选择布鲁塞尔中转的完整往返详情：两位成人总价HKD11032，即HKD5516/人；去、回程结果均显示23kg。仍超出每人HKD5000上限，价格和库存动态。
AFS-20260926-015,SPAIN-JAN-2027,2026-09-26T03:03:15+08:00,Trip.com 香港版,ota,https://hk.trip.com/flights/showfarefirst?dcity=hkg&acity=mad&ddate=2027-01-25&rdate=2027-02-03&triptype=rt&class=y&quantity=1&locale=zh-HK&curr=HKD,trip_option,round_trip,具体往返组合逐程查看行李,1,2027-01-25,2027-02-03,HKG,HKG–AUH–MAD / MAD–PEK–HKG；拟在PEK结束,economy,7486,per_person,7486,7486,HKD,false,25,23,displayed_both_legs,unknown,carrier_consent_unverified,source_checked,rejected,完整往返票价每人高于HKD5000；返程在PEK提前取行李和不飞末段的后果未获运营承运人确认。
AFS-20260926-016,SPAIN-JAN-2027,2026-09-26T03:03:15+08:00,Trip.com 香港版,ota,https://hk.trip.com/flights/showfarefirst?dcity=bjs&acity=mad&ddate=2027-01-27&rdate=2027-02-03&triptype=rt&class=y&quantity=2&locale=zh-HK&curr=HKD,trip_option,round_trip,2位成人；具体往返组合逐程查看行李,2,2027-01-27,2027-02-03,BJS,PEK–BRU–MAD / MAD–BRU–PEK,economy,11046,group_total,5523,11046,HKD,false,23,23,displayed_both_legs,unknown,not_applicable,source_checked,rejected,2人完整往返组合为HKD11046即每人HKD5523；去回程卡片各显示23kg；比HKD5000上限高每人HKD523。
AFS-20260926-017,SPAIN-JAN-2027,2026-09-26T03:03:15+08:00,Trip.com 香港版,ota,https://hk.trip.com/flights/showfarefirst?multdcity0=bjs&multacity0=mad&multddate0=2027-01-27&multdcity1=bcn&multacity1=bjs&multddate1=2027-02-03&triptype=mt&class=y&quantity=2&locale=zh-HK&curr=HKD,trip_option,open_jaw,2位成人；多目的地组合；去回程卡片标注含托运行李,2,2027-01-27,2027-02-03,BJS,PEK–BRU–MAD / BCN–BRU–PEK,economy,11108,group_total,5554,11108,HKD,false,,,not_recorded,unknown,not_applicable,source_checked,rejected,每人高于HKD5000上限HKD554；卡片仅显示托运行李已包括而未显示公斤数；西班牙境内MAD至BCN交通未计入。
AFS-20260926-018,SPAIN-JAN-2027,2026-09-26T03:03:15+08:00,Trip.com 香港版,ota,https://hk.trip.com/flights/showfarefirst?multdcity0=hkg&multacity0=mad&multddate0=2027-01-25&multdcity1=bcn&multacity1=bjs&multddate1=2027-02-03&triptype=mt&class=y&quantity=1&locale=zh-HK&curr=HKD,trip_option,open_jaw,1位成人；多目的地组合；去回程卡片标注含托运行李,1,2027-01-25,2027-02-03,HKG,HKG–IST–MAD / BCN–IST–PEK,economy,6232,per_person,6232,6232,HKD,false,,,not_recorded,unknown,not_applicable,source_checked,rejected,在北京落地但每人高于HKD5000上限HKD1232；卡片未显示托运行李公斤数；西班牙境内MAD至BCN交通未计入。
AFS-20260926-019,SPAIN-JAN-2027,2026-09-26T03:03:15+08:00,Trip.com 香港版,ota,https://hk.trip.com/flights/showfarefirst?multdcity0=bjs&multacity0=bcn&multddate0=2027-01-27&multdcity1=mad&multacity1=bjs&multddate1=2027-02-03&triptype=mt&class=y&quantity=2&locale=zh-HK&curr=HKD,trip_option,open_jaw,2位成人；多目的地组合；去回程卡片标注含托运行李,2,2027-01-27,2027-02-03,BJS,PEK–DXB–BCN / MAD–DXB–PEK,economy,11302,group_total,5651,11302,HKD,false,,,not_recorded,unknown,not_applicable,source_checked,rejected,每人高于HKD5000上限HKD651；卡片未显示托运行李公斤数；西班牙境内BCN至MAD交通未计入。
AFS-20260926-020,SPAIN-JAN-2027,2026-09-26T03:03:15+08:00,携程国际机票,ota,https://flights.ctrip.com/online/list/round-bjs-mad?depdate=2027-01-27_2027-02-03&cabin=y_s&adult=2&child=0&infant=0,trip_option,round_trip,2位成人查询；去回程已选；页面显示往返含税价,2,2027-01-27,2027-02-03,BJS,PEK–CKG–MAD / MAD–CKG–PEK,economy,4733,unknown,,,CNY,false,,,not_recorded,shown_inclusive,not_applicable,source_checked,idea,页面显示¥4733起和往返含税价但没有明确标示该数是每人价还是2人总价；未取到20kg托运行李明细及可支付总额；不得据此判定符合预算。
AFS-LIVE-20260926-021,SPAIN-JAN-2027,2026-09-26T04:14:11+08:00,Trip.com 香港版,ota_public_search,https://hk.trip.com/flights/showfarefirst?dcity=hkg&acity=mad&ddate=2027-01-26&rdate=2027-02-03&triptype=rt&class=y&quantity=1&locale=zh-HK&curr=HKD,trip_option,round_trip,,1,2027-01-26,2027-02-03,HKG,HKG–MAD–HKG,economy,6911,per_person,6911,6911,HKD,false,25,23,displayed_both_legs,unknown,not_applicable,source_checked,rejected,实际返抵香港而非北京；超出HKD5000上限。此为公开搜索卡阶段观察。
AFS-LIVE-20260926-022,SPAIN-JAN-2027,2026-09-26T04:14:11+08:00,Trip.com 香港版,ota_public_fare_selection,https://hk.trip.com/flights/showfarefirst?dcity=hkg&acity=mad&ddate=2027-01-26&rdate=2027-02-03&triptype=rt&class=y&quantity=1&locale=zh-HK&curr=HKD,trip_option,round_trip,公开票价选择页最低展示报价,1,2027-01-26,2027-02-03,HKG,HKG–MAD–HKG,economy,7388,per_person,7388,7388,HKD,false,,,not_displayed,unknown,not_applicable,source_checked,rejected,页面提示拆分多张订单/机票；含托运行李未显示公斤数；不是最终付款页。
AFS-LIVE-20260926-023,SPAIN-JAN-2027,2026-09-26T04:14:11+08:00,Trip.com 香港版,ota_public_search,https://hk.trip.com/flights/showfarefirst?dcity=bjs&acity=mad&ddate=2027-01-26&rdate=2027-02-03&triptype=rt&class=y&quantity=2&locale=zh-HK&curr=HKD,trip_option,round_trip,,2,2027-01-26,2027-02-03,BJS,PEK–欧洲枢纽–MAD / MAD–欧洲枢纽–PEK,economy,11044,group_total,5522,11044,HKD,false,23,23,displayed_both_legs,unknown,not_applicable,source_checked,rejected,实际返抵北京；每人超出HKD5000上限HKD522。
AFS-LIVE-20260926-024,SPAIN-JAN-2027,2026-09-26T04:14:11+08:00,Trip.com 香港版,ota_public_search,https://hk.trip.com/flights/showfarefirst?dcity=bjs&acity=bcn&ddate=2027-01-26&rdate=2027-02-03&triptype=rt&class=y&quantity=2&locale=zh-HK&curr=HKD,trip_option,round_trip,,2,2027-01-26,2027-02-03,BJS,PEK–欧洲枢纽–BCN / BCN–欧洲枢纽–PEK,economy,11116,group_total,5558,11116,HKD,false,23,23,displayed_both_legs,unknown,not_applicable,source_checked,rejected,实际返抵北京；每人超出HKD5000上限HKD558；较同日MAD往返贵HKD36/人。
AFS-LIVE-20260927-025,SPAIN-JAN-2027,2026-09-27T14:53:59+08:00,Trip.com 香港版,ota_public_search,https://hk.trip.com/flights/showfarefirst?dcity=hkg&acity=mad&ddate=2027-01-26&rdate=2027-02-03&triptype=rt&class=y&quantity=3&locale=zh-HK&curr=HKD,trip_option,round_trip,包括托运行李；3位成人；去程选择20:20经PEK至12:00；回程选择12:20经PEK至13:05,3,2027-01-26,2027-02-03,HKG,HKG–PEK–MAD / MAD–PEK–HKG；去程20:20–12:00+1；返程12:20–13:05+1；北京两位旅客计划返程在PEK结束,economy,HKD7130/人；总价HKD21390,group_total,7130,21390,HKD,false,23,23,displayed_both_legs,unknown,carrier_consent_unverified,source_checked,candidate,2026-09-27公开页面显示目标组合去回程各23kg；当前每人超HKD5000上限HKD2130；按用户要求作为首选降价监测对象。页面未显示航班号；公开班表与时刻对应CA116/CA865/CA908/CA111的可能性待最终出票页确认。北京甩尾的行李放行、行李牌终点和未乘末段后果仍未获承运人确认。
AFS-LIVE-20260927-026,SPAIN-JAN-2027,2026-09-27T15:18:50+08:00,Trip.com 香港版,ota_public_search,https://hk.trip.com/flights/showfarefirst?dcity=hkg&acity=mad&ddate=2027-01-25&rdate=2027-02-03&triptype=rt&class=y&quantity=3&locale=zh-HK&curr=HKD,trip_option,round_trip,包括托运行李；3位成人；出发页筛选中国国航；去程选择20:20经PEK至次日07:25；返程选择12:20经PEK至13:05,3,2027-01-25,2027-02-03,HKG,HKG–PEK–MAD / MAD–PEK–HKG；去程20:20–07:25+1；返程12:20–13:05+1；北京两位旅客计划返程在PEK结束,economy,HKD7130/人；总价HKD21390,group_total,7130,21390,HKD,false,23,23,displayed_both_legs,unknown,carrier_consent_unverified,source_checked,candidate,2026-09-27公开页面筛选中国国航显示7个去程结果且最低HKD7130/人；选择20:20→07:25去程后返程页面仍显示12:20→13:05经PEK且总价HKD21390。当前核到的国航候选是1/26 07:25抵达，不是中午抵达；页面未显示航班号，最终以出票页确认。北京甩尾的行李放行、行李牌终点和未乘末段后果仍未获承运人确认。
