record_id,comparison_set_id,checked_at_hkt,source_name,source_type,source_url,destination,property_name,check_in_date,nights,guest_count,room_type,beds,free_cancellation,cancellation_deadline_local,total_price,currency,tax_status,rate_conditions,evidence_status,decision_status,notes
ACM-AIR-20260926-004,LODGING-PREF-20260926,2026-09-26T13:29:21+08:00,Airbnb official listing,official_listing_readonly,https://zh.airbnb.com/rooms/40578133?adults=3&check_in=2027-01-31&check_out=2027-02-03&currency=CNY,Barcelona,"宁静、温暖的光线和当地生活",2027-01-31,3,3,"Entire apartment, 2 bedrooms","4 single beds (2 in each bedroom)",yes,2027-01-26,4161,CNY,tourist_tax_excluded,"max occupancy 4; 1 bathroom; rating 4.86/5 from 245 reviews; Superhost Alejandro; Sant Martí de Provençals; page says free cancellation before Jan 26; tourist tax EUR 9.50/person/night excluded; guest registration required before arrival; no booking",source_checked,candidate,"严格预算下的Barcelona Airbnb主选；约CNY 1387/晚，满足CNY 1500上限、三人和至少两张独立床；日期年份按2027入住日期解释，订前复核取消年份、城市税和登记要求"
ACM-AIR-20260926-001,LODGING-PREF-20260926,2026-09-26T13:19:50+08:00,Airbnb official listing,official_listing_readonly,https://zh.airbnb.com/rooms/26940439?adults=3&check_in=2027-01-31&check_out=2027-02-03&currency=CNY,Barcelona,"毗邻圣家堂的双卧室公寓（Apart-Suites Hostemplo）",2027-01-31,3,3,"Entire serviced apartment, 2 bedrooms","1 double bed + 2 single beds",yes,2027-01-26,5136,CNY,tourist_tax_excluded,"max occupancy 4; 65 sqm; 3 beds; rating 4.85/5 from 1582 reviews; Superhost; displayed additional fees included; optional partner breakfast EUR 13.90/person; no booking",source_checked,rejected,"原规划主选；按用户要求，CNY 1712/晚超过CNY 1500上限，直接排除；仍保留原始价格证据"
ACM-AIR-20260926-002,LODGING-PREF-20260926,2026-09-26T13:19:50+08:00,Airbnb official listing,official_listing_readonly,https://zh.airbnb.com/rooms/1655003133806546258?adults=3&check_in=2027-01-31&check_out=2027-02-03&currency=CNY,Barcelona,"蒙特惠奇-桑茨区，明亮且景色迷人",2027-01-31,3,3,"Entire apartment, 2 bedrooms","1 double bed + 2 single beds",yes,2027-01-26,4795,CNY,tourist_tax_excluded,"max occupancy 4; 9th floor; rating 5.0/5 from 17 reviews; Superhost; Sants/Plaza España/Montjuïc; one flight of stairs between street and elevator; late check-in fee may apply; no booking",source_checked,rejected,"原预算备选；按用户要求，CNY 1598.33/晚超过CNY 1500上限，直接排除；仍保留原始价格证据"
ACM-AIR-20260926-003,LODGING-PREF-20260926,2026-09-26T13:19:50+08:00,Airbnb official listing,official_listing_readonly,https://zh.airbnb.com/rooms/17021004?adults=3&check_in=2027-01-31&check_out=2027-02-03&currency=CNY,Barcelona,IRLES EIXAMPLE,2027-01-31,3,3,"Entire apartment, 2 bedrooms, 2 bathrooms","2 double beds (approximately 1.35 m)",yes,2027-01-30,6126,CNY,tourist_tax_excluded,"max occupancy 4; rating 4.98/5 from 486 reviews; Guest Favorite; Superhost; Eixample/Passeig de Gràcia; CO and smoke alarms listed; no booking",source_checked,rejected,"原质量备选；按用户要求，CNY 2042/晚明显超过CNY 1500上限，直接排除；仍保留原始价格证据"
ACM-TM-20260926-015,LODGING-PREF-20260926,2026-09-26T13:19:50+08:00,TourMind,live_mcp_public_rate,https://p.tourmind.cn/zh-CN/skills/access#ticket=DjALO6NTxsD1ycBc6HXMIdK6ZMB9-p8bjTpgDeZzQyQ,Seville,Eurostars Al-Andalus Palace,2027-01-26,3,3,"Triple Room","2 Twin Beds + 1 Twin Sofa Bed/3 Twin Beds",yes,2027-01-23T19:00:00+08:00,4622.31,CNY,not_separately_disclosed,"4-star; max occupancy 3; meal_count=3; meal_type=2; breakfast inclusion represented by TourMind meal_type 2; is_on_request=false; rate_code v2103713707433299975_94_3; TourMind total_price excludes payment-method fee",source_checked,rejected,"含早餐且床位合格，但按用户要求，CNY 1540.77/晚超过CNY 1500上限，直接排除；保留价格证据"
ACM-TM-20260926-016,LODGING-PREF-20260926,2026-09-26T13:19:50+08:00,TourMind,live_mcp_public_rate,https://p.tourmind.cn/zh-CN/skills/access#ticket=OC0De5LP4QX0vtlLetkKv57oSiri52JEfjgKaJGzpvk,Granada,Hotel Granada Center,2027-01-29,2,3,"Standard Room with extra bed","1 King Bed + 1 Large Twin Bed/2 Large Twin Beds + 1 Twin Bed",yes,2027-01-27T18:00:00+08:00,2841.04,CNY,not_separately_disclosed,"4-star; max occupancy 3; meal_count=3; meal_type=2; breakfast inclusion represented by TourMind meal_type 2; is_on_request=false; rate_code v2103713682084610064_144_3; TourMind total_price excludes payment-method fee",source_checked,candidate,"小红书直接提及Hotel Granada Center；约CNY 1420.52/晚，在上限内；房型床位有两种返回组合，订前确认最终分配"
ACM-TM-20260926-017,LODGING-PREF-20260926,2026-09-26T13:19:50+08:00,TourMind,live_mcp_public_rate,https://p.tourmind.cn/zh-CN/skills/access#ticket=kzNeKkCauwT5zJgpVvDijeS2L79-RTXf7wu38II8Hac,Granada,Meliá Granada,2027-01-29,2,3,"Premium Room","1 double bed or 2 single beds",yes,2027-01-21T07:00:00+08:00,3072.90,CNY,not_separately_disclosed,"4-star; max occupancy 3; meal_count=3; meal_type=2; breakfast inclusion represented by TourMind meal_type 2; is_on_request=false; rate_code v2103713962918518818_29_3; TourMind total_price excludes payment-method fee",source_checked,rejected,"小红书提及中心位置与设施，但按用户要求，CNY 1536.45/晚超过CNY 1500上限，直接排除"
ACM-TM-20260926-018,LODGING-PREF-20260926,2026-09-26T13:19:50+08:00,TourMind,live_mcp_public_rate,https://p.tourmind.cn/zh-CN/skills/access#ticket=2egLxx-oz_Du8OpcsoN5qPRYHiMqXNXKFgw_7Ou3F8U,Seville,abba Sevilla,2027-01-26,3,3,"Deluxe Triple Room","1 Queen Bed",yes,2027-01-24T03:00:00+08:00,4869.93,CNY,not_separately_disclosed,"4-star; max occupancy 3; meal_count=3; meal_type=2; is_on_request=false; rate_code v2103714328906870789_88_3; TourMind total_price excludes payment-method fee",source_checked,rejected,"含早餐且可免费取消，但只有一张Queen Bed，违反至少两张独立床硬约束；保留作排除证据"
ACM-TM-20260926-019,LODGING-PREF-20260926,2026-09-26T13:19:50+08:00,TourMind,live_mcp_public_rate,https://p.tourmind.cn/zh-CN/skills/access#ticket=aKYilvTozZuRibRV7v1j0eaDXmjLsJCK80nGUKVUAqw,Seville,NH Sevilla Plaza de Armas,2027-01-26,3,3,"Superior Room (Extra Bed 3 Adults)","2 Large Twin Beds/1 King Bed",yes,2027-01-18T03:00:00+08:00,4829.64,CNY,not_separately_disclosed,"4-star; max occupancy 3; meal_count=3; meal_type=2; breakfast inclusion represented by TourMind meal_type 2; is_on_request=false; rate_code v2103713689688293388_75_3; TourMind total_price excludes payment-method fee",source_checked,rejected,"Plaza de Armas位置较好，但按用户要求，CNY 1609.88/晚超过CNY 1500上限，直接排除"
ACM-LIVE-20260926-008,TM-LIVE-20270126-route-SGB-20260926,2026-09-26T05:56:10+08:00,TourMind,live_mcp_public_rate,https://p.tourmind.cn/zh-CN/skills/access#ticket=5SmALK278i5R12sMKbP8do_e6EnXbqCBdElAPQ54jBA,Seville,NH Sevilla Plaza de Armas,2027-01-26,3,3,"Superior Double or Twin Room with Extra Bed (3 Adults)","1 king bed or 2 single beds",yes,2027-01-16T17:00:00+08:00,3811.17,CNY,not_separately_disclosed,"max occupancy 3; room-only; is_on_request=false; rate_code v2103604402195750915_85_3; TourMind total_price excludes payment-method fee",source_checked,candidate,"Two-single configuration is not guaranteed; confirm final bed assignment and local cancellation interpretation before any booking"
ACM-LIVE-20260926-009,TM-LIVE-20270126-route-SGB-20260926,2026-09-26T05:56:10+08:00,TourMind,live_mcp_public_rate,https://p.tourmind.cn/zh-CN/skills/access#ticket=P3ADyh7nm-aEYfV5jNx4m0YYjEw0g-nDsazI3SaxrkM,Granada,Hotel Abades Nevada Palace,2027-01-29,2,3,"Double Room (2 single beds and 1 extra bed adult)","2 Twin Beds + 1 Large Twin Sofa Bed",yes,2027-01-28T09:00:00+08:00,1310.88,CNY,not_separately_disclosed,"max occupancy 3; room-only; is_on_request=false; rate_code v2103578395962064905_94_3; TourMind total_price excludes payment-method fee",source_checked,candidate,"Current bed layout meets the two-independent-bed preference; property is outside the flat Cathedral core and needs transit"
ACM-LIVE-20260926-010,TM-LIVE-20270126-route-SGB-20260926,2026-09-26T05:56:10+08:00,TourMind,live_mcp_public_rate,https://p.tourmind.cn/zh-CN/skills/access#ticket=o9P6JsRDe-RkNkBVLBN5HLhdOMyYKg13LnUPQxCxqlE,Barcelona,Hotel Actual,2027-01-31,3,3,"Family Room","1 Double Bed + 2 Twin Beds",yes,2027-01-29T19:00:00+08:00,6773.49,CNY,not_separately_disclosed,"max occupancy 3; room-only; is_on_request=false; rate_code v2103578538229399559_46_3; TourMind total_price excludes payment-method fee",source_checked,rejected,"Bed layout passes but approximately CNY 2257.83/night exceeds the CNY 1500 ceiling"
ACM-LIVE-20260926-011,TM-LIVE-20270126-route-SGB-20260926,2026-09-26T05:58:46+08:00,TourMind,live_mcp_public_rate,https://p.tourmind.cn/zh-CN/skills/access#ticket=5vRyx7Gp9XpNAoHMwKb0_WvIbfAcW5uKxnFIGQqnTD8,Barcelona,Pierre & Vacances Barcelona Sants,2027-01-31,3,3,"Studio for Four People","2 Single + 1 Double Sofa Bed",yes,2027-01-28T18:00:00+08:00,4907.34,CNY,not_separately_disclosed,"max occupancy 3; room-only; is_on_request=false; rate_code v2103605125381111811_144_3; TourMind total_price excludes payment-method fee",source_checked,rejected,"Bed layout passes and Sants matches the transport-oriented XHS lead, but CNY 1635.78/night exceeds the CNY 1500 ceiling"
ACM-LIVE-20260926-012,TM-LIVE-20270126-route-SGB-20260926,2026-09-26T05:58:46+08:00,TourMind,live_mcp_public_rate,https://p.tourmind.cn/zh-CN/skills/access#ticket=5vRyx7Gp9XpNAoHMwKb0_WvIbfAcW5uKxnFIGQqnTD8,Barcelona,Pierre & Vacances Barcelona Sants,2027-01-31,3,3,"Standard Studio","1 Twin Bed + 1 Double Sofa Bed",yes,2027-01-16T05:00:00+08:00,4788.18,CNY,not_separately_disclosed,"max occupancy 3; room-only; is_on_request=false; rate_code v2103605125381111809_144_3; TourMind total_price excludes payment-method fee",source_checked,rejected,"Only one independent bed and CNY 1596.06/night exceeds the ceiling"
ACM-LIVE-20260926-013,TM-LIVE-20270126-route-SGB-20260926,2026-09-26T05:56:10+08:00,TourMind,live_mcp_public_rate,https://p.tourmind.cn/zh-CN/skills/access#ticket=R4D8ygk-iFtO_StjLUc6ROdzbfNtAKND_Z0AzPoEbHM,Barcelona,Paral-lel,2027-01-31,3,3,"Standard Triple Room","1 Double Bed and 1 Twin Bed/3 Twin Beds",no,,8400.66,CNY,not_separately_disclosed,"max occupancy 3; non-refundable; rate_code v2103603407025373206_46_3",source_checked,rejected,"Bed options exist, but no free cancellation and approximately CNY 2800.22/night"
ACM-LIVE-20260926-014,TM-LIVE-20270126-route-SGB-20260926,2026-09-26T05:58:36+08:00,TourMind,live_mcp_public_rate,https://p.tourmind.cn/zh-CN/skills/access#ticket=8pLqjf5e9CliBALWUwyQYjl6tknP__qsqjqpKJUiyV0,Barcelona,Catalonia Barcelona Plaza,2027-01-31,3,3,"Triple Room","1 Double or 2 Twin beds",no,,7456.74,CNY,not_separately_disclosed,"max occupancy 3; non-refundable; rate_code v2103604955289501701_144_3",source_checked,rejected,"Plaza Espanya location aligns with XHS transport lead, but the current rate is non-refundable and approximately CNY 2485.58/night"
ACM-TRIP-20260926-001,LODGING-PREF-20260926,2026-09-26T14:08:20+08:00,Trip.com official,official_booking_search_readonly,https://us.trip.com/hotels/sevilla-hotel-detail-94971922/hotel-giralda-center/,Seville,Hotel Giralda Center,2027-01-26,3,3,"Standard Room with Extra Bed","bed type randomly assigned; page tag 4+ beds",yes,2027-01-22 23:59 local,3891,CNY,included,"3 breakfasts; 4-star filter result; instant confirmation; online pay; exact query 3 adults 1 room; no booking",source_checked,candidate,"Trip.com public total includes taxes and fees; approximately CNY1297/night; under hard cap; final independent-bed configuration remains unguaranteed"
ACM-TRIP-20260926-002,LODGING-PREF-20260926,2026-09-26T14:08:20+08:00,Trip.com official,official_booking_search_readonly,https://us.trip.com/hotels/granada-hotel-detail-1625246/hesperia-granada-hotel/,Granada,Sercotel Palacio de Los Gamboa,2027-01-29,2,3,"Classic Triple","3 single beds",yes,2027-01-21 23:59 local,2240,CNY,included,"3 breakfasts; 4-star filter result; instant confirmation; online pay; exact query 3 adults 1 room; no booking",source_checked,candidate,"Trip.com public total includes taxes and fees; approximately CNY1120/night; under hard cap; bed and cancellation conditions pass"
ACM-TRIP-20260926-003,LODGING-PREF-20260926,2026-09-26T14:08:20+08:00,Trip.com official,official_booking_search_readonly,https://us.trip.com/hotels/granada-hotel-detail-1579332/hotel-granada-center/,Granada,Hotel Granada Center,2027-01-29,2,3,"Standard Room with Extra Bed","bed type randomly assigned",no,,2443,CNY,included,"3 breakfasts; current budget rate marked Non-refundable; exact query 3 adults 1 room; no booking",source_checked,rejected,"Price is under hard cap but violates the free-cancellation hard condition"
ACM-CTRIP-20260926-001,LODGING-PREF-20260926,2026-09-26T14:08:20+08:00,Ctrip official,official_listing_readonly,https://hotels.ctrip.com/hotels/94971922.html?checkIn=2027-01-26&checkOut=2027-01-29&crn=1&adult=3&children=0&detailFilters=29%7C1%7E29%7E1%7C3,Seville,Hotel Giralda Center,2027-01-26,3,3,"标准房","2 single beds or 1 double bed",yes,2027-01-19 23:59 local,,CNY,not_observable,"3 breakfasts; instant confirmation; online pay; exact target query; page shows 登录看低价/Current price ¥?; no login",source_checked,candidate,"Ctrip room, breakfast and cancellation terms source-checked; public target-date total is hidden, so no cheaper-price claim and no total added to budget"
ACM-CTRIP-20260926-002,LODGING-PREF-20260926,2026-09-26T14:08:20+08:00,Ctrip official,official_listing_readonly,https://hotels.ctrip.com/hotels/1625246.html?checkIn=2027-01-29&checkOut=2027-01-31&crn=1&adult=3&children=0,Granada,Sercotel Palacio de Los Gamboa,2027-01-29,2,3,"经典三人房","3 x 0.8m single beds",yes,2027-01-22 23:59 local,,CNY,not_observable,"3 breakfasts; instant confirmation; online pay; no extra bed; exact target query; page shows 登录看低价/Current price ¥?; no login",source_checked,candidate,"Ctrip room, breakfast, bed and cancellation terms source-checked; public target-date total is hidden, so no cheaper-price claim and no total added to budget"
ACM-CTRIP-20260926-003,LODGING-PREF-20260926,2026-09-26T14:37:01+08:00,Ctrip official,official_listing_readonly,https://hotels.ctrip.com/hotels/94971922.html?checkIn=2027-01-26&checkOut=2027-01-29&crn=1&adult=3&children=0&detailFilters=29%7C1%7E29%7E1%7C3,Seville,Hotel Giralda Center,2027-01-26,3,3,"标准加床房","2张单人床或1张双人床",yes,2027-01-22 23:59 local,4152,CNY,included,"登录后可见；3份早餐；含税/费后均价约CNY1384/晚，3晚按均价折算；立即确认；在线付；Trip.com同条件总价CNY3891；无 booking",source_checked,candidate,"携程登录底价约CNY4152，Trip.com便宜约CNY261；床型仍需在最终房型中确认独立床配置"
ACM-CTRIP-20260926-004,LODGING-PREF-20260926,2026-09-26T14:37:01+08:00,Ctrip official,official_listing_readonly,https://hotels.ctrip.com/hotels/1625246.html?checkIn=2027-01-29&checkOut=2027-01-31&crn=1&adult=3&children=0,Granada,Sercotel Palacio de Los Gamboa,2027-01-29,2,3,"经典三人房","3张0.8米单人床",yes,2027-01-21 23:59 local,2404,CNY,included,"登录后可见；3份早餐；含税/费后均价约CNY1202/晚，2晚按均价折算；立即确认；在线付；Trip.com同条件总价CNY2240；无 booking",source_checked,candidate,"携程登录底价约CNY2404，Trip.com便宜约CNY164；三张独立床与免费取消条件通过"
ACM-TRIP-20260926-004,LODGING-PREF-20260926,2026-09-26T14:37:01+08:00,Trip.com official,official_booking_search_readonly,https://us.trip.com/hotels/detail/?cityEnName=Barcelona&cityId=40795&hotelId=3071831&checkIn=2027-01-31&checkOut=2027-02-03&adult=3&children=0&crn=1&curr=CNY,Barcelona,Htop BCN City #HtopEnjoy,2027-01-31,3,3,"Triple Room","3 single beds",yes,2027-01-16 23:59 local,4300,CNY,included,"Trip.com结果卡含税总价CNY4300；3份早餐；免费取消；详情页同时显示1双+1单和3单人床，评分7.5/10；酒店不是四/五星；无 booking",source_checked,candidate,"作为Barcelona预算兜底的Trip.com对照；同条件携程登录含税均价折算约CNY4269，携程更低约CNY31"
ACM-CTRIP-20260926-005,LODGING-PREF-20260926,2026-09-26T14:37:01+08:00,Ctrip official,official_listing_readonly,https://hotels.ctrip.com/hotels/3071831.html?checkIn=2027-01-31&checkOut=2027-02-03&crn=1&adult=3&children=0&detailFilters=5%7C1%7E5%7E1,Barcelona,Htop BCN City #HtopEnjoy,2027-01-31,3,3,"三人间","3张0.8米单人床",yes,2027-01-24 23:59 local,4269,CNY,included,"登录后可见；3份早餐；含税/费后均价约CNY1423/晚，3晚按均价折算；立即确认；在线付；携程评分3.7/5；页面提示最终结算页为成交价；无 booking",source_checked,candidate,"携程比Trip.com同条件显示总价低约CNY31，约CNY1423/晚，低于CNY1500硬上限；评分和星级不符合优先偏好，作为价格兜底"
ACM-AIR-20260926-005,LODGING-PREF-20260926,2026-09-26T14:37:01+08:00,Airbnb official listing,official_listing_readonly,https://zh.airbnb.com/rooms/40578133?adults=3&check_in=2027-01-31&check_out=2027-02-03&currency=CNY,Barcelona,"宁静、温暖的光线和当地生活",2027-01-31,3,3,"整套公寓，2卧1卫","4张单人床",yes,2027-01-26,4161,CNY,tourist_tax_excluded,"4.86/5，245条评价；页面房价含附加费用但另列旅游税EUR9.50/成人/晚；3成人3晚税额EUR85.50；无 booking",source_checked,rejected,"重新按精确日期复核后，房价CNY4161且未含城市税；加税后约CNY1624/晚，超过CNY1500硬上限，排除"
ACM-AIR-20260926-006,LODGING-PREF-20260926,2026-09-26T14:37:01+08:00,Airbnb official listing,official_listing_readonly,https://zh.airbnb.com/rooms/6735493?adults=3&check_in=2027-01-31&check_out=2027-02-03,Barcelona,"格拉西亚-圣家堂明亮2卧室公寓",2027-01-31,3,3,"整套公寓，2卧","2张双人床",yes,2027-01-01,4260,CNY,tourist_tax_excluded,"4.82/5，316条评价；页面列旅游税EUR9.50/成人/晚；3成人3晚税额EUR85.50；无 booking",source_checked,rejected,"高分和床位满足偏好，但未含城市税后约CNY1657/晚，超过硬上限，排除"
ACM-AIR-20260926-007,LODGING-PREF-20260926,2026-09-26T14:37:01+08:00,Airbnb official listing,official_listing_readonly,https://zh.airbnb.com/rooms/1644015324445703949?adults=3&check_in=2027-01-31&check_out=2027-02-03,Barcelona,"2卧2卫公寓",2027-01-31,3,3,"整套公寓，2卧2卫","3张床",no,,2968,CNY,tourist_tax_excluded,"4.67/5，12条评价；页面为24小时内免费取消，之后至1月24日仅部分退款；另列旅游税EUR10.45/人/天；无 booking",source_checked,rejected,"基础价虽在预算内，但不满足免费取消硬条件，排除"
ACM-AIR-20260926-008,LODGING-PREF-20260926,2026-09-26T14:52:12+08:00,Airbnb official listing,official_listing_readonly,https://zh.airbnb.com/rooms/4563863?adults=3&check_in=2027-01-26&check_out=2027-01-29,Seville,"历史街区的公寓",2027-01-26,3,3,"整套公寓，1卧","2张0.8-1.1米单人床+1张沙发床",yes,2027-01-25,2088,CNY,included,"4.82/5，516条评价；房客推荐/排名前10%；最多4人；房东Jose David为超赞房东；页面写价格包含所有附加费用；页面未提供烟雾报警器和一氧化碳报警器；无早餐；无 booking",source_checked,candidate,"收藏房源按实际Seville日期复核可订；约CNY696/晚，低于CNY1500硬上限；满足至少两张独立床和完整免费取消；因Seville当前优先四星含早餐酒店，暂作Airbnb备选"
ACM-AIR-20260926-009,LODGING-PREF-20260926,2026-09-26T14:52:12+08:00,Airbnb official listing,official_listing_readonly,https://zh.airbnb.com/rooms/50416508?adults=3&check_in=2027-01-26&check_out=2027-01-29,Seville,"Daniel的公寓",2027-01-26,3,3,"整套出租单元，Apartamento familiar","2张0.8-1.1米单人床+1张沙发床",yes,2027-01-25,1928,CNY,not_separately_disclosed,"4.76/5，1059条评价；房客推荐；选中Apartamento familiar，最多3人、2间浴室；页面可免费取消至1月25日；页面未单列旅游税；无早餐；无 booking",source_checked,candidate,"收藏房源按实际Seville日期复核可订；约CNY643/晚，低于CNY1500硬上限；满足至少两张独立床和完整免费取消；价格/税项仍须在最终预订页复核；因Seville当前优先四星含早餐酒店，暂作Airbnb备选"
ACM-AIR-20260926-010,LODGING-PREF-20260926,2026-09-26T14:52:12+08:00,Airbnb official listing,official_listing_readonly,https://zh.airbnb.com/rooms/679472671924054054?adults=3&check_in=2027-01-26&check_out=2027-01-29,Seville,"精选/优雅的公寓带庭院，位于历史中心",2027-01-26,3,3,"整套公寓，2卧","2张单人床+1张1.35米双人床",yes,2027-01-21,2100,CNY,not_separately_disclosed,"4.71/5，97条评价；房客推荐；最多4人；2间卧室、2间浴室、私人露台；页面提示房源经常订满；页面未单列旅游税；页面未提供烟雾报警器和一氧化碳报警器；无早餐；无 booking",source_checked,candidate,"收藏房源按实际Seville日期复核可订；约CNY700/晚，低于CNY1500硬上限；满足至少两张独立床和完整免费取消；评分和评价量低于另两套；税项须在最终预订页复核"
ACM-AIR-20260926-011,LODGING-PREF-20260926,2026-09-26T14:52:12+08:00,Airbnb official listing,official_listing_readonly,https://zh.airbnb.com/rooms/988917?adults=3&check_in=2027-01-31&check_out=2027-02-03,Barcelona,"舒适公寓舒适，地理位置优越，停车场",2027-01-31,3,3,"整套公寓，2卧","2张1.35米双人床",yes,2027-01-17,,,tourist_tax_excluded,"4.90/5，1535条评价；2卧、4人；2027-01-31至02-03页面明确显示不可出租；心愿单旧日期01-27至01-30曾显示CNY4099/3晚，但不与本次日期可比；无 booking",source_checked,rejected,"高分和床型都好，但实际Barcelona入住日期不可订；旧日期价格不纳入当前预算"
ACM-AIR-20260926-012,LODGING-PREF-20260926,2026-09-26T14:52:12+08:00,Airbnb official listing,official_listing_readonly,https://zh.airbnb.com/rooms/1659522?adults=3&check_in=2027-01-31&check_out=2027-02-03,Barcelona,"带露台的阁楼",2027-01-31,3,3,"整套公寓，2卧","1张单人床+1张双人床+1张沙发床",yes,2027-01-26,,,tourist_tax_excluded,"4.87/5，736条评价；最多3人；私人露台；房东说明旅游税为每位16岁以上游客每晚EUR6.25；2027-01-31至02-03页面明确显示不可出租；心愿单旧日期01-27至01-30曾显示CNY3147/3晚，但不与本次日期可比；无 booking",source_checked,rejected,"高分、床型和免费取消都满足偏好，但实际Barcelona入住日期不可订；旧日期价格不纳入当前预算"
ACM-AIR-20260926-013,LODGING-PREF-20260926,2026-09-26T14:52:12+08:00,Airbnb official listing,official_listing_readonly,https://zh.airbnb.com/rooms/26920348?adults=3&check_in=2027-01-31&check_out=2027-02-03,Barcelona,"Casa Felipa",2027-01-31,3,3,"整套出租单元，多套家庭/双床公寓可选","可选：2张1.35米双人床+沙发床，或1张双人床+2张单人床",yes,2027-01-01,6348,CNY,tourist_tax_excluded,"4.85/5，3430条评价；8套公寓；最多4人；超赞房东；2027-01-31至02-03可订；房源另列旅游税EUR9.50/成人/晚，3成人3晚为EUR85.50；无 booking",source_checked,rejected,"可订且质量很好，但房价已约CNY2116/晚，尚未加城市税就超过CNY1500硬上限，直接排除"
ACM-TRIP-20260926-005,LODGING-PREF-20260926,2026-09-26T15:26:19+08:00,Trip.com official,official_booking_search_readonly,https://us.trip.com/hotels/detail/?cityEnName=Seville&cityId=1350&hotelId=94971922&checkIn=2027-01-31&checkOut=2027-02-03&adult=3&children=0&crn=1&curr=CNY,Seville,Hotel Giralda Center,2027-01-31,3,3,"Superior Room with Extra Bed","1 king bed or 2 single beds",yes,2027-01-27 23:59 local,3705,CNY,included,"Trip页面显示CNY1235/晚；按3晚折算；含3份早餐；376平方英尺；9.1/10、396条评价；屋顶泳池/健身房；反向顺序压力测试；无 booking",source_checked,candidate,"反向顺序下仍可订且低于CNY1500/晚，但床型为1张特大床或2张单人床，不能把独立床视为已保证；Trip较携程早餐房约低CNY648（按页面均价折算）"
ACM-CTRIP-20260926-006,LODGING-PREF-20260926,2026-09-26T15:26:19+08:00,Ctrip official,official_listing_readonly,https://hotels.ctrip.com/hotels/94971922.html?checkIn=2027-01-31&checkOut=2027-02-03&crn=1&adult=3&children=0,Seville,Hotel Giralda Center,2027-01-31,3,3,"高级间设加床","1张特大床或2张单人床",yes,2027-01-27 23:59 local,4353,CNY,included,"携程登录页早餐房含税/费后约CNY1451/晚；3份早餐；35平方米；免费取消；Trip反向页面约CNY1235/晚；无 booking",source_checked,candidate,"反向顺序压力测试；携程早餐房可见价格高于Trip.com；床型仍不是明确三张独立床"
ACM-AIR-20260926-014,LODGING-PREF-20260926,2026-09-26T15:26:19+08:00,Airbnb official listing,official_listing_readonly,https://zh.airbnb.com/rooms/4563863?adults=3&check_in=2027-01-31&check_out=2027-02-03,Seville,"历史街区的公寓",2027-01-31,3,3,"整套公寓，1卧","2张单人床+1张沙发床",yes,2027-01-30,2088,CNY,included,"4.82/5、516条评价；房客推荐/排名前10%；厨房、洗衣机、空调；Alameda步行1分钟、主教堂约12分钟；页面提示无烟雾/一氧化碳报警器；无早餐；无 booking",source_checked,candidate,"反向顺序下仍可订；约CNY696/晚；可用的两套Seville收藏民宿之一"
ACM-AIR-20260926-015,LODGING-PREF-20260926,2026-09-26T15:26:19+08:00,Airbnb official listing,official_listing_readonly,https://zh.airbnb.com/rooms/679472671924054054?adults=3&check_in=2027-01-31&check_out=2027-02-03,Seville,"精选/优雅的公寓带庭院，位于历史中心",2027-01-31,3,3,"整套公寓，2卧2卫","2张单人床+1张双人床",yes,2027-01-26,2100,CNY,not_separately_disclosed,"4.71/5、97条评价；私人露台；厨房、洗衣机、中央空调；Santa Cruz中心；超市和餐饮线索；无早餐；页面未提供烟雾报警器；无 booking",source_checked,candidate,"反向顺序下仍可订；约CNY700/晚；评价量和评分低于4563863与Daniel公寓，税项未单列"
ACM-AIR-20260926-016,LODGING-PREF-20260926,2026-09-26T15:26:19+08:00,Airbnb official listing,official_listing_readonly,https://zh.airbnb.com/rooms/50416508?adults=3&check_in=2027-01-31&check_out=2027-02-03,Seville,"Daniel的公寓",2027-01-31,3,3,"整套出租单元，Apartamento familiar","2张单人床+1张沙发床",yes,2027-01-30,,CNY,not_observable,"4.76/5、1059条评价；2间浴室、厨房、空调；Santa Cruz距大教堂/吉拉尔达约3分钟；页面明确显示指定日期无可订公寓；无 booking",source_checked,rejected,"Daniel公寓是当前Seville顺序下的收藏首选之一，但反向日期不可订，支持维持Seville先于Barcelona；不把旧日期价格沿用到反向顺序"
ACM-TRIP-20260926-006,LODGING-PREF-20260926,2026-09-26T15:26:19+08:00,Trip.com official,official_booking_search_readonly,https://us.trip.com/hotels/detail/?cityEnName=Granada&cityId=717&hotelId=2170821&checkIn=2027-01-29&checkOut=2027-01-31&adult=3&children=0&crn=1&curr=CNY,Granada,Catalonia Granada,2027-01-29,2,3,"Triple Room","2 single beds and 1 sofa bed",yes,2027-01-27 23:59 local,2465,CNY,included,"9.0/10、302条评价；约25平方米/269平方英尺；3份早餐；屋顶泳池、桑拿、Spa、免费健身房；近火车站、Mercadona；详情页显示CNY1120房价行，列表总价记录为CNY2465；无 booking",source_checked,candidate,"比Gamboa房间更宽且设施更多，但沙发床会压缩空间；城市中心/大教堂需步行或公交；Trip列表总价较携程早餐估算约低CNY167"
ACM-CTRIP-20260926-007,LODGING-PREF-20260926,2026-09-26T15:26:19+08:00,Ctrip official,official_listing_readonly,https://hotels.ctrip.com/hotels/2170821.html?checkIn=2027-01-29&checkOut=2027-01-31&crn=1&adult=3&children=0,Granada,Catalonia Granada,2027-01-29,2,3,"三人间","2张单人床+1张沙发床",yes,2027-01-27,2632,CNY,included,"登录页含早餐含税/费后约CNY1316/晚、2晚折算；约25平方米；屋顶泳池/桑拿/Spa/健身房；无 booking",source_checked,candidate,"同条件Trip.com列表总价约CNY2465，Trip.com便宜约CNY167；需接受沙发床与离主教堂约1公里的步行/公交取舍"
ACM-TRIP-20260926-007,LODGING-PREF-20260926,2026-09-26T15:26:19+08:00,Trip.com official,official_booking_search_readonly,https://us.trip.com/hotels/detail/?cityEnName=Granada&cityId=717&hotelId=752458&checkIn=2027-01-29&checkOut=2027-01-31&adult=3&children=0&crn=1&curr=CNY,Granada,Hotel Inglaterra,2027-01-29,2,3,"Triple Room","3 single beds",yes,2027-01-27 23:59 local,1700,CNY,included,"8.6/10、89条评价；204平方英尺/约19平方米；3份早餐；Centro，距主教堂约400英尺、Alhambra约1750英尺；老建筑与隔音风险；无 booking",source_checked,candidate,"三张独立床、步行位置和价格最稳，面积最小且住客评价对老旧/噪声有保留；Trip较携程早餐约低CNY122"
ACM-CTRIP-20260926-008,LODGING-PREF-20260926,2026-09-26T15:26:19+08:00,Ctrip official,official_listing_readonly,https://hotels.ctrip.com/hotels/752458.html?checkIn=2027-01-29&checkOut=2027-01-31&crn=1&adult=3&children=0,Granada,Hotel Inglaterra,2027-01-29,2,3,"三人间","3张0.8米单人床",yes,2027-01-27,1822,CNY,included,"登录页含早餐含税/费后约CNY911/晚、2晚折算；约19平方米；免费取消；无 booking",source_checked,candidate,"Trip.com显示总价CNY1700，约低CNY122；三张独立床通过但老建筑/隔音问题仍需看近期评价"
ACM-TRIP-20260926-008,LODGING-PREF-20260926,2026-09-26T15:26:19+08:00,Trip.com official,official_booking_search_readonly,https://us.trip.com/hotels/detail/?cityEnName=Barcelona&cityId=40795&hotelId=3071831&checkIn=2027-01-26&checkOut=2027-01-29&adult=3&children=0&crn=1&curr=CNY,Barcelona,Htop BCN City #HtopEnjoy,2027-01-26,3,3,"Triple Room","3 single beds",yes,2027-01-19 23:59 local,2601,CNY,included,"Trip详情显示含3份早餐约CNY867/晚、18平方米；7.5/10；页面提示剩余房量紧张；反向顺序压力测试；无 booking",source_checked,candidate,"Barcelona先住时酒店房态仍有早餐三单人床，按晚价折算总额；房间小且评价一般，仍只是酒店兜底"
ACM-CTRIP-20260926-009,LODGING-PREF-20260926,2026-09-26T15:26:19+08:00,Ctrip official,official_listing_readonly,https://hotels.ctrip.com/hotels/3071831.html?checkIn=2027-01-26&checkOut=2027-01-29&crn=1&adult=3&children=0,Barcelona,Htop BCN City #HtopEnjoy,2027-01-26,3,3,"三人间","3张0.8米单人床",yes,2027-01-19,,CNY,not_observable,"反向日期页面首屏只显示无早餐房：含税/费后约CNY873/晚；早餐包含价未在首屏显示，18平方米；评分3.7/5；无 booking",source_checked,rejected,"不能把携程无早餐价格当成满足早餐硬条件的可比低价；反向日期以Trip.com早餐房为可比证据"
ACM-AIR-20260926-017,LODGING-PREF-20260926,2026-09-26T15:26:19+08:00,Airbnb official listing,official_listing_readonly,https://zh.airbnb.com/rooms/49749559?adults=3&check_in=2027-01-31&check_out=2027-02-03,Barcelona,"Ella Hostel高级双人/三人间",2027-01-31,3,3,"Airbnb房源内的私人房间/旅馆","1张双人床+1张单人床",yes,2027-01-26,3025,CNY,not_separately_disclosed,"4.74/5、570条评价；约25平方米；独立卫浴；空调、电梯、公共露台、共享厨房/咖啡茶；Eixample近Plaça Catalunya；无早餐；无 booking",source_checked,candidate,"Barcelona当前日期下最稳的低价Airbnb入口；约CNY1008/晚；注意这是Airbnb上的旅馆私人房，不是整套公寓，城市税页面未单列"
ACM-AIR-20260926-018,LODGING-PREF-20260926,2026-09-26T15:26:19+08:00,Airbnb official listing,official_listing_readonly,https://zh.airbnb.com/rooms/1070960528427098280?adults=3&check_in=2027-01-31&check_out=2027-02-03,Barcelona,"Casa Jam私人三人间",2027-01-31,3,3,"Airbnb房源内的私人房间/旅馆","1张单人床+1张上下铺",yes,2027-01-30,3128,CNY,tourist_tax_excluded,"4.74/5、102条评价；私人卫浴；共享厨房/餐区、露台、咖啡茶、行李寄存、24小时接待；Gràcia近Casa Vicens/Park Güell/Sagrada；城市税EUR5.50/人/晚共EUR16.50；无早餐；无 booking",source_checked,candidate,"约CNY1043/晚，计城市税后仍低于CNY1500；床位分离度和面积不如Ella，但生活设施与前台支持更强"
ACM-AIR-20260926-019,LODGING-PREF-20260926,2026-09-26T15:26:19+08:00,Airbnb official listing,official_listing_readonly,https://zh.airbnb.com/rooms/49749559?adults=3&check_in=2027-01-26&check_out=2027-01-29,Barcelona,"Ella Hostel高级双人/三人间",2027-01-26,3,3,"Airbnb房源内的私人房间/旅馆","1张双人床+1张单人床",yes,,2831,CNY,not_separately_disclosed,"4.74/5、570条评价；约25平方米；独立卫浴；共享厨房/露台；反向顺序下可订；无早餐；取消截止日未在本次记录保留；无 booking",source_checked,candidate,"Barcelona先住时Ella约CNY944/晚，比当前末段日期低约CNY194/3晚；价格优势不足以单独推翻末段机场便利与Casa Jam库存差异"
ACM-AIR-20260926-020,LODGING-PREF-20260926,2026-09-26T15:26:19+08:00,Airbnb official listing,official_listing_readonly,https://zh.airbnb.com/rooms/1070960528427098280?adults=3&check_in=2027-01-26&check_out=2027-01-29,Barcelona,"Casa Jam私人三人间",2027-01-26,3,3,"Airbnb房源内的私人房间/旅馆","1张单人床+1张上下铺",,,,CNY,not_observable,"指定日期页面显示无可订公寓；当前日期通常为私人三人间、共享厨房/24小时接待；无 booking",source_checked,rejected,"反向顺序会失去Casa Jam这套预算内Airbnb候选；支持把Barcelona放在行程末段"
ACM-AIR-20260926-021,LODGING-PREF-20260926,2026-09-26T15:26:19+08:00,Airbnb official listing,official_listing_readonly,https://zh.airbnb.com/rooms/1659522?adults=3&check_in=2027-01-26&check_out=2027-01-29,Barcelona,"带露台的阁楼",2027-01-26,3,3,"整套出租单元，2卧2卫","1张双人床+1张单人床",yes,2027-01-21,3147,CNY,tourist_tax_excluded,"4.87/5、736条评价、超赞房东；私人露台、完整厨房、洗衣机、空调；页面显示CNY3147/3晚；近Plaça Espanya与Sants；无早餐；无 booking",source_checked,selected,"用户已确认Barcelona先行并基本锁定此整套Airbnb；不与陌生人共用厨房/卫生间；旅游税和最终结算金额需重查"
ACM-AIR-20260926-022,LODGING-PREF-20260926,2026-09-26T15:26:19+08:00,Airbnb official listing,official_listing_readonly,https://zh.airbnb.com/rooms/26920348?adults=3&check_in=2027-01-26&check_out=2027-01-29,Barcelona,"Casa Felipa",2027-01-26,3,3,"整套出租单元，具体家庭公寓房号待确认","可选1822号：1张双人床+2张单人床",yes,2026-12-27,3182,CNY,not_separately_disclosed,"4.85/5、约3433条评价；同一栋楼有8套彼此独立的公寓；房东住在楼内；完整厨房、Wi-Fi、空调；多个房型页面均显示约CNY3182/3晚；无早餐；无 booking",source_checked,candidate,"预算内整套民宿备选；若更看重三张实际床优先复核1822号；具体房号、税项和最终取消条款需结算前确认"
ACM-AIR-20260926-023,LODGING-PREF-20260926,2026-09-26T15:26:19+08:00,Airbnb official listing,official_listing_readonly,https://zh.airbnb.com/rooms/988917?adults=3&check_in=2027-01-26&check_out=2027-01-29,Barcelona,"舒适公寓舒适，地理位置优越，停车场",2027-01-26,3,3,"整套出租单元，65平方米、2卧","2张双人床",yes,2027-01-12,3946,CNY,tourist_tax_excluded,"4.90/5、1535条评价；私人露台、完整厨房、洗衣机、空调、停车位；页面显示每位成人每天约EUR9.5旅游税；无早餐；无 booking",source_checked,rejected,"质量和面积最强，但基础价约CNY1315/晚，加旅游税后很可能超过CNY1500/晚硬上限；仅保留为预算边界复核项"
